"seq_beg","seq_end","seq","charge","hydrofobic","charge_x"
1,20,"MAPWPELGDAQPNPDKYLEG",-3.1,1.9,10.5
2,21,"APWPELGDAQPNPDKYLEGA",-3.1,2,11.5
3,22,"PWPELGDAQPNPDKYLEGAA",-3.1,2,12.5
4,23,"WPELGDAQPNPDKYLEGAAG",-3.1,1.9,13.5
5,24,"PELGDAQPNPDKYLEGAAGQ",-3.1,2.2,14.5
6,25,"ELGDAQPNPDKYLEGAAGQQ",-3.1,2.4,15.5
7,26,"LGDAQPNPDKYLEGAAGQQP",-2.1,2,16.5
8,27,"GDAQPNPDKYLEGAAGQQPT",-2.1,2.1,17.5
9,28,"DAQPNPDKYLEGAAGQQPTA",-2.1,2.1,18.5
10,29,"AQPNPDKYLEGAAGQQPTAP",-1.1,1.6,19.5
11,30,"QPNPDKYLEGAAGQQPTAPD",-2.1,2.2,20.5
12,31,"PNPDKYLEGAAGQQPTAPDK",-1.1,2.4,21.5
13,32,"NPDKYLEGAAGQQPTAPDKS",-1.1,2.4,22.5
14,33,"PDKYLEGAAGQQPTAPDKSK",-0.1,2.6,23.5
15,34,"DKYLEGAAGQQPTAPDKSKE",-1.1,3,24.5
16,35,"KYLEGAAGQQPTAPDKSKET",-0.1,2.4,25.5
17,36,"YLEGAAGQQPTAPDKSKETN",-1.1,2.2,26.5
18,37,"LEGAAGQQPTAPDKSKETNK",-0.1,2.6,27.5
19,38,"EGAAGQQPTAPDKSKETNKT",-0.1,2.7,28.5
20,39,"GAAGQQPTAPDKSKETNKTD",-0.1,2.8,29.5
21,40,"AAGQQPTAPDKSKETNKTDN",-0.1,3.1,30.5
22,41,"AGQQPTAPDKSKETNKTDNT",-0.1,3.1,31.5
23,42,"GQQPTAPDKSKETNKTDNTE",-1.1,3.6,32.5
24,43,"QQPTAPDKSKETNKTDNTEA",-1.1,3.5,33.5
25,44,"QPTAPDKSKETNKTDNTEAP",-1.1,3.3,34.5
26,45,"PTAPDKSKETNKTDNTEAPV",-1.1,3,35.5
27,46,"TAPDKSKETNKTDNTEAPVT",-1.1,2.9,36.5
28,47,"APDKSKETNKTDNTEAPVTK",-0.1,3.4,37.5
29,48,"PDKSKETNKTDNTEAPVTKI",-0.1,3.4,38.5
30,49,"DKSKETNKTDNTEAPVTKIE",-1.1,3.8,39.5
31,50,"KSKETNKTDNTEAPVTKIEL",-0.1,3.2,40.5
32,51,"SKETNKTDNTEAPVTKIELL",-1.1,2.6,41.5
33,52,"KETNKTDNTEAPVTKIELLP",-1.1,2.6,42.5
34,53,"ETNKTDNTEAPVTKIELLPS",-2.1,2.2,43.5
35,54,"TNKTDNTEAPVTKIELLPSY",-1.1,1.8,44.5
36,55,"NKTDNTEAPVTKIELLPSYS",-1.1,1.8,45.5
37,56,"KTDNTEAPVTKIELLPSYST",-1.1,1.5,46.5
38,57,"TDNTEAPVTKIELLPSYSTA",-2.1,1,47.5
39,58,"DNTEAPVTKIELLPSYSTAT",-2.1,1,48.5
40,59,"NTEAPVTKIELLPSYSTATL",-1.1,0.4,49.5
41,60,"TEAPVTKIELLPSYSTATLI",-1.1,0,50.5
42,61,"EAPVTKIELLPSYSTATLID",-2.1,0.5,51.5
43,62,"APVTKIELLPSYSTATLIDE",-2.1,0.5,52.5
44,63,"PVTKIELLPSYSTATLIDEP",-2.1,0.6,53.5
45,64,"VTKIELLPSYSTATLIDEPT",-2.1,0.5,54.5
46,65,"TKIELLPSYSTATLIDEPTE",-3.1,1.1,55.5
47,66,"KIELLPSYSTATLIDEPTEV",-3.1,1,56.5
48,67,"IELLPSYSTATLIDEPTEVD",-5.1,1,57.5
49,68,"ELLPSYSTATLIDEPTEVDD",-6.1,1.6,58.5
50,69,"LLPSYSTATLIDEPTEVDDP",-5.1,1.2,59.5
51,70,"LPSYSTATLIDEPTEVDDPW",-5.1,1.3,60.5
52,71,"PSYSTATLIDEPTEVDDPWN",-5.1,1.7,61.5
53,72,"SYSTATLIDEPTEVDDPWNL",-5.1,1.5,62.5
54,73,"YSTATLIDEPTEVDDPWNLP",-5.1,1.6,63.5
55,74,"STATLIDEPTEVDDPWNLPT",-5.1,1.5,64.5
56,75,"TATLIDEPTEVDDPWNLPTL",-5.1,1.3,65.5
57,76,"ATLIDEPTEVDDPWNLPTLQ",-5.1,1.6,66.5
58,77,"TLIDEPTEVDDPWNLPTLQD",-6.1,2.2,67.5
59,78,"LIDEPTEVDDPWNLPTLQDS",-6.1,2.2,68.5
60,79,"IDEPTEVDDPWNLPTLQDSG",-6.1,2.3,69.5
61,80,"DEPTEVDDPWNLPTLQDSGI",-6.1,2.3,70.5
62,81,"EPTEVDDPWNLPTLQDSGIK",-4.1,2.3,71.5
63,82,"PTEVDDPWNLPTLQDSGIKW",-3.1,1.8,72.5
64,83,"TEVDDPWNLPTLQDSGIKWS",-3.1,1.7,73.5
65,84,"EVDDPWNLPTLQDSGIKWSE",-4.1,2.2,74.5
66,85,"VDDPWNLPTLQDSGIKWSER",-2.1,2.4,75.5
67,86,"DDPWNLPTLQDSGIKWSERD",-3.1,3,76.5
68,87,"DPWNLPTLQDSGIKWSERDT",-2.1,2.5,77.5
69,88,"PWNLPTLQDSGIKWSERDTK",-0.1,2.4,78.5
70,89,"WNLPTLQDSGIKWSERDTKG",-0.1,2.4,79.5
71,90,"NLPTLQDSGIKWSERDTKGK",0.9,2.9,80.5
72,91,"LPTLQDSGIKWSERDTKGKI",0.9,2.5,81.5
73,92,"PTLQDSGIKWSERDTKGKIL",0.9,2.5,82.5
74,93,"TLQDSGIKWSERDTKGKILC",0.8,2.4,83.5
75,94,"LQDSGIKWSERDTKGKILCF",0.8,2.3,84.5
76,95,"QDSGIKWSERDTKGKILCFF",0.8,2.2,85.5
77,96,"DSGIKWSERDTKGKILCFFQ",0.8,2.2,86.5
78,97,"SGIKWSERDTKGKILCFFQG",1.8,1.7,87.5
79,98,"GIKWSERDTKGKILCFFQGI",1.8,1.6,88.5
80,99,"IKWSERDTKGKILCFFQGIG",1.8,1.6,89.5
81,100,"KWSERDTKGKILCFFQGIGR",2.8,2.4,90.5
82,101,"WSERDTKGKILCFFQGIGRL",1.8,1.8,91.5
83,102,"SERDTKGKILCFFQGIGRLI",1.8,1.7,92.5
84,103,"ERDTKGKILCFFQGIGRLIL",1.8,1.6,93.5
85,104,"RDTKGKILCFFQGIGRLILL",2.8,1.1,94.5
86,105,"DTKGKILCFFQGIGRLILLL",1.8,0.3,95.5
87,106,"TKGKILCFFQGIGRLILLLG",2.8,-0.2,96.5
88,107,"KGKILCFFQGIGRLILLLGF",2.8,-0.3,97.5
89,108,"GKILCFFQGIGRLILLLGFL",1.8,-0.9,98.5
90,109,"KILCFFQGIGRLILLLGFLY",1.8,-0.8,99.5
91,110,"ILCFFQGIGRLILLLGFLYF",0.8,-1.4,100.5
92,111,"LCFFQGIGRLILLLGFLYFF",0.8,-1.5,101.5
93,112,"CFFQGIGRLILLLGFLYFFV",0.8,-1.5,102.5
94,113,"FFQGIGRLILLLGFLYFFVC",0.8,-1.5,103.5
95,114,"FQGIGRLILLLGFLYFFVCS",0.8,-1.3,104.5
96,115,"QGIGRLILLLGFLYFFVCSL",0.8,-1.3,105.5
97,116,"GIGRLILLLGFLYFFVCSLD",-0.2,-1,106.5
98,117,"IGRLILLLGFLYFFVCSLDI",-0.2,-1.1,107.5
99,118,"GRLILLLGFLYFFVCSLDIL",-0.2,-1.1,108.5
100,119,"RLILLLGFLYFFVCSLDILS",-0.2,-1.1,109.5
101,120,"LILLLGFLYFFVCSLDILSS",-1.2,-1.7,110.5
102,121,"ILLLGFLYFFVCSLDILSSA",-1.2,-1.7,111.5
103,122,"LLLGFLYFFVCSLDILSSAF",-1.2,-1.7,112.5
104,123,"LLGFLYFFVCSLDILSSAFQ",-1.2,-1.3,113.5
105,124,"LGFLYFFVCSLDILSSAFQL",-1.2,-1.3,114.5
106,125,"GFLYFFVCSLDILSSAFQLV",-1.2,-1.3,115.5
107,126,"FLYFFVCSLDILSSAFQLVG",-1.2,-1.3,116.5
108,127,"LYFFVCSLDILSSAFQLVGG",-1.2,-1.2,117.5
109,128,"YFFVCSLDILSSAFQLVGGK",-0.2,-0.6,118.5
110,129,"FFVCSLDILSSAFQLVGGKM",-0.2,-0.8,119.5
111,130,"FVCSLDILSSAFQLVGGKMA",-0.2,-0.7,120.5
112,131,"VCSLDILSSAFQLVGGKMAG",-0.2,-0.6,121.5
113,132,"CSLDILSSAFQLVGGKMAGQ",-0.2,-0.3,122.5
114,133,"SLDILSSAFQLVGGKMAGQF",-0.1,-0.3,123.5
115,134,"LDILSSAFQLVGGKMAGQFF",-0.1,-0.5,124.5
116,135,"DILSSAFQLVGGKMAGQFFS",-0.1,-0.4,125.5
117,136,"ILSSAFQLVGGKMAGQFFSN",0.9,-0.6,126.5
118,137,"LSSAFQLVGGKMAGQFFSNS",0.9,-0.5,127.5
119,138,"SSAFQLVGGKMAGQFFSNSS",0.9,-0.4,128.5
120,139,"SAFQLVGGKMAGQFFSNSSI",0.9,-0.5,129.5
121,140,"AFQLVGGKMAGQFFSNSSIM",0.9,-0.6,130.5
122,141,"FQLVGGKMAGQFFSNSSIMS",0.9,-0.6,131.5
123,142,"QLVGGKMAGQFFSNSSIMSN",0.9,-0.2,132.5
124,143,"LVGGKMAGQFFSNSSIMSNP",0.9,-0.4,133.5
125,144,"VGGKMAGQFFSNSSIMSNPL",0.9,-0.4,134.5
126,145,"GGKMAGQFFSNSSIMSNPLL",0.9,-0.4,135.5
127,146,"GKMAGQFFSNSSIMSNPLLG",0.9,-0.4,136.5
128,147,"KMAGQFFSNSSIMSNPLLGL",0.9,-0.4,137.5
129,148,"MAGQFFSNSSIMSNPLLGLV",-0.1,-1,138.5
130,149,"AGQFFSNSSIMSNPLLGLVI",-0.1,-1,139.5
131,150,"GQFFSNSSIMSNPLLGLVIG",-0.1,-1,140.5
132,151,"QFFSNSSIMSNPLLGLVIGV",-0.1,-1.1,141.5
133,152,"FFSNSSIMSNPLLGLVIGVL",-0.1,-1.4,142.5
134,153,"FSNSSIMSNPLLGLVIGVLV",-0.1,-1.3,143.5
135,154,"SNSSIMSNPLLGLVIGVLVT",-0.1,-1.2,144.5
136,155,"NSSIMSNPLLGLVIGVLVTV",-0.1,-1.3,145.5
137,156,"SSIMSNPLLGLVIGVLVTVL",-0.1,-1.7,146.5
138,157,"SIMSNPLLGLVIGVLVTVLV",-0.1,-1.8,147.5
139,158,"IMSNPLLGLVIGVLVTVLVQ",-0.1,-1.6,148.5
140,159,"MSNPLLGLVIGVLVTVLVQS",-0.1,-1.4,149.5
141,160,"SNPLLGLVIGVLVTVLVQSS",-0.1,-1.3,150.5
142,161,"NPLLGLVIGVLVTVLVQSSS",-0.1,-1.3,151.5
143,162,"PLLGLVIGVLVTVLVQSSST",-0.1,-1.6,152.5
144,163,"LLGLVIGVLVTVLVQSSSTS",-0.1,-1.6,153.5
145,164,"LGLVIGVLVTVLVQSSSTST",-0.1,-1.6,154.5
146,165,"GLVIGVLVTVLVQSSSTSTS",-0.1,-1.4,155.5
147,166,"LVIGVLVTVLVQSSSTSTSI",-0.1,-1.6,156.5
148,167,"VIGVLVTVLVQSSSTSTSIV",-0.1,-1.5,157.5
149,168,"IGVLVTVLVQSSSTSTSIVV",-0.1,-1.5,158.5
150,169,"GVLVTVLVQSSSTSTSIVVS",-0.1,-1.4,159.5
151,170,"VLVTVLVQSSSTSTSIVVSM",-0.1,-1.5,160.5
152,171,"LVTVLVQSSSTSTSIVVSMV",-0.1,-1.5,161.5
153,172,"VTVLVQSSSTSTSIVVSMVS",-0.1,-1.4,162.5
154,173,"TVLVQSSSTSTSIVVSMVSS",-0.1,-1.3,163.5
155,174,"VLVQSSSTSTSIVVSMVSSS",-0.1,-1.3,164.5
156,175,"LVQSSSTSTSIVVSMVSSSL",-0.1,-1.3,165.5
157,176,"VQSSSTSTSIVVSMVSSSLL",-0.1,-1.3,166.5
158,177,"QSSSTSTSIVVSMVSSSLLT",-0.1,-1.2,167.5
159,178,"SSSTSTSIVVSMVSSSLLTV",-0.1,-1.6,168.5
160,179,"SSTSTSIVVSMVSSSLLTVR",0.9,-0.9,169.5
161,180,"STSTSIVVSMVSSSLLTVRA",0.9,-1,170.5
162,181,"TSTSIVVSMVSSSLLTVRAA",0.9,-1,171.5
163,182,"STSIVVSMVSSSLLTVRAAI",0.9,-1.1,172.5
164,183,"TSIVVSMVSSSLLTVRAAIP",0.9,-1.1,173.5
165,184,"SIVVSMVSSSLLTVRAAIPI",0.9,-1.2,174.5
166,185,"IVVSMVSSSLLTVRAAIPII",0.9,-1.3,175.5
167,186,"VVSMVSSSLLTVRAAIPIIM",0.9,-1.3,176.5
168,187,"VSMVSSSLLTVRAAIPIIMG",0.9,-1.2,177.5
169,188,"SMVSSSLLTVRAAIPIIMGA",0.9,-1.2,178.5
170,189,"MVSSSLLTVRAAIPIIMGAN",0.9,-0.9,179.5
171,190,"VSSSLLTVRAAIPIIMGANI",0.9,-0.9,180.5
172,191,"SSSLLTVRAAIPIIMGANIG",0.9,-0.8,181.5
173,192,"SSLLTVRAAIPIIMGANIGT",0.9,-0.9,182.5
174,193,"SLLTVRAAIPIIMGANIGTS",0.9,-0.9,183.5
175,194,"LLTVRAAIPIIMGANIGTSI",0.9,-1,184.5
176,195,"LTVRAAIPIIMGANIGTSIT",0.9,-0.9,185.5
177,196,"TVRAAIPIIMGANIGTSITN",0.9,-0.5,186.5
178,197,"VRAAIPIIMGANIGTSITNT",0.9,-0.5,187.5
179,198,"RAAIPIIMGANIGTSITNTI",0.9,-0.5,188.5
180,199,"AAIPIIMGANIGTSITNTIV",-0.1,-1.3,189.5
181,200,"AIPIIMGANIGTSITNTIVA",-0.1,-1.3,190.5
182,201,"IPIIMGANIGTSITNTIVAL",-0.1,-1.4,191.5
183,202,"PIIMGANIGTSITNTIVALM",-0.1,-1.4,192.5
184,203,"IIMGANIGTSITNTIVALMQ",-0.1,-1.2,193.5
185,204,"IMGANIGTSITNTIVALMQV",-0.1,-1.1,194.5
186,205,"MGANIGTSITNTIVALMQVG",-0.1,-1,195.5
187,206,"GANIGTSITNTIVALMQVGD",-1.1,-0.4,196.5
188,207,"ANIGTSITNTIVALMQVGDR",-0.1,0.3,197.5
189,208,"NIGTSITNTIVALMQVGDRS",-0.1,0.3,198.5
190,209,"IGTSITNTIVALMQVGDRSE",-1.1,0.5,199.5
191,210,"GTSITNTIVALMQVGDRSEF",-1.1,0.4,200.5
192,211,"TSITNTIVALMQVGDRSEFR",-0.1,1.1,201.5
193,212,"SITNTIVALMQVGDRSEFRR",0.9,1.8,202.5
194,213,"ITNTIVALMQVGDRSEFRRA",0.9,1.7,203.5
195,214,"TNTIVALMQVGDRSEFRRAF",0.9,1.7,204.5
196,215,"NTIVALMQVGDRSEFRRAFA",0.9,1.7,205.5
197,216,"TIVALMQVGDRSEFRRAFAG",0.9,1.4,206.5
198,217,"IVALMQVGDRSEFRRAFAGA",0.9,1.4,207.5
199,218,"VALMQVGDRSEFRRAFAGAT",0.9,1.5,208.5
200,219,"ALMQVGDRSEFRRAFAGATV",0.9,1.5,209.5
201,220,"LMQVGDRSEFRRAFAGATVH",1,1.7,210.5
202,221,"MQVGDRSEFRRAFAGATVHD",0,2.3,211.5
203,222,"QVGDRSEFRRAFAGATVHDF",0,2.3,212.5
204,223,"VGDRSEFRRAFAGATVHDFF",0,1.9,213.5
205,224,"GDRSEFRRAFAGATVHDFFN",0,2.3,214.5
206,225,"DRSEFRRAFAGATVHDFFNW",0,2.2,215.5
207,226,"RSEFRRAFAGATVHDFFNWL",1,1.6,216.5
208,227,"SEFRRAFAGATVHDFFNWLS",0,1,217.5
209,228,"EFRRAFAGATVHDFFNWLSV",0,0.9,218.5
210,229,"FRRAFAGATVHDFFNWLSVL",1,0.3,219.5
211,230,"RRAFAGATVHDFFNWLSVLV",1,0.4,220.5
212,231,"RAFAGATVHDFFNWLSVLVL",0,-0.4,221.5
213,232,"AFAGATVHDFFNWLSVLVLL",-1,-1.1,222.5
214,233,"FAGATVHDFFNWLSVLVLLP",-1,-1,223.5
215,234,"AGATVHDFFNWLSVLVLLPV",-1,-1,224.5
216,235,"GATVHDFFNWLSVLVLLPVE",-2,-0.5,225.5
217,236,"ATVHDFFNWLSVLVLLPVEV",-2,-0.6,226.5
218,237,"TVHDFFNWLSVLVLLPVEVA",-2,-0.6,227.5
219,238,"VHDFFNWLSVLVLLPVEVAT",-2,-0.6,228.5
220,239,"HDFFNWLSVLVLLPVEVATH",-1.9,-0.3,229.5
221,240,"DFFNWLSVLVLLPVEVATHY",-2,-0.4,230.5
222,241,"FFNWLSVLVLLPVEVATHYL",-1,-1,231.5
223,242,"FNWLSVLVLLPVEVATHYLE",-2,-0.4,232.5
224,243,"NWLSVLVLLPVEVATHYLEI",-2,-0.4,233.5
225,244,"WLSVLVLLPVEVATHYLEII",-2,-0.8,234.5
226,245,"LSVLVLLPVEVATHYLEIIT",-2,-0.7,235.5
227,246,"SVLVLLPVEVATHYLEIITQ",-2,-0.4,236.5
228,247,"VLVLLPVEVATHYLEIITQL",-2,-0.5,237.5
229,248,"LVLLPVEVATHYLEIITQLI",-2,-0.5,238.5
230,249,"VLLPVEVATHYLEIITQLIV",-2,-0.5,239.5
231,250,"LLPVEVATHYLEIITQLIVE",-3,0,240.5
232,251,"LPVEVATHYLEIITQLIVES",-3,0.1,241.5
233,252,"PVEVATHYLEIITQLIVESF",-3,0.1,242.5
234,253,"VEVATHYLEIITQLIVESFH",-2.9,0.2,243.5
235,254,"EVATHYLEIITQLIVESFHF",-2.9,0.2,244.5
236,255,"VATHYLEIITQLIVESFHFK",-0.9,0.2,245.5
237,256,"ATHYLEIITQLIVESFHFKN",-0.9,0.6,246.5
238,257,"THYLEIITQLIVESFHFKNG",-0.9,0.6,247.5
239,258,"HYLEIITQLIVESFHFKNGE",-1.9,1.1,248.5
240,259,"YLEIITQLIVESFHFKNGED",-3,1.4,249.5
241,260,"LEIITQLIVESFHFKNGEDA",-3,1.3,250.5
242,261,"EIITQLIVESFHFKNGEDAP",-3,1.4,251.5
243,262,"IITQLIVESFHFKNGEDAPD",-3,1.5,252.5
244,263,"ITQLIVESFHFKNGEDAPDL",-3,1.5,253.5
245,264,"TQLIVESFHFKNGEDAPDLL",-3,1.5,254.5
246,265,"QLIVESFHFKNGEDAPDLLK",-2,2,255.5
247,266,"LIVESFHFKNGEDAPDLLKV",-2,1.7,256.5
248,267,"IVESFHFKNGEDAPDLLKVI",-2,1.6,257.5
249,268,"VESFHFKNGEDAPDLLKVIT",-2,1.7,258.5
250,269,"ESFHFKNGEDAPDLLKVITK",-1,2.3,259.5
251,270,"SFHFKNGEDAPDLLKVITKP",0,1.9,260.5
252,271,"FHFKNGEDAPDLLKVITKPF",0,1.8,261.5
253,272,"HFKNGEDAPDLLKVITKPFT",0,1.9,262.5
254,273,"FKNGEDAPDLLKVITKPFTK",0.9,2.2,263.5
255,274,"KNGEDAPDLLKVITKPFTKL",0.9,2.2,264.5
256,275,"NGEDAPDLLKVITKPFTKLI",-0.1,1.6,265.5
257,276,"GEDAPDLLKVITKPFTKLIV",-0.1,1.2,266.5
258,277,"EDAPDLLKVITKPFTKLIVQ",-0.1,1.5,267.5
259,278,"DAPDLLKVITKPFTKLIVQL",0.9,1,268.5
260,279,"APDLLKVITKPFTKLIVQLD",0.9,1,269.5
261,280,"PDLLKVITKPFTKLIVQLDK",1.9,1.5,270.5
262,281,"DLLKVITKPFTKLIVQLDKK",2.9,1.9,271.5
263,282,"LLKVITKPFTKLIVQLDKKV",3.9,1.3,272.5
264,283,"LKVITKPFTKLIVQLDKKVI",3.9,1.3,273.5
265,284,"KVITKPFTKLIVQLDKKVIS",3.9,1.4,274.5
266,285,"VITKPFTKLIVQLDKKVISQ",2.9,1.2,275.5
267,286,"ITKPFTKLIVQLDKKVISQI",2.9,1.1,276.5
268,287,"TKPFTKLIVQLDKKVISQIA",2.9,1.2,277.5
269,288,"KPFTKLIVQLDKKVISQIAM",2.9,1.1,278.5
270,289,"PFTKLIVQLDKKVISQIAMN",1.9,0.9,279.5
271,290,"FTKLIVQLDKKVISQIAMND",0.9,1.4,280.5
272,291,"TKLIVQLDKKVISQIAMNDE",-0.1,2,281.5
273,292,"KLIVQLDKKVISQIAMNDEK",0.9,2.5,282.5
274,293,"LIVQLDKKVISQIAMNDEKA",-0.1,1.9,283.5
275,294,"IVQLDKKVISQIAMNDEKAK",0.9,2.5,284.5
276,295,"VQLDKKVISQIAMNDEKAKN",0.9,2.9,285.5
277,296,"QLDKKVISQIAMNDEKAKNK",1.9,3.5,286.5
278,297,"LDKKVISQIAMNDEKAKNKS",1.9,3.2,287.5
279,298,"DKKVISQIAMNDEKAKNKSL",1.9,3.2,288.5
280,299,"KKVISQIAMNDEKAKNKSLV",2.9,2.7,289.5
281,300,"KVISQIAMNDEKAKNKSLVK",2.9,2.7,290.5
282,301,"VISQIAMNDEKAKNKSLVKI",1.9,2.1,291.5
283,302,"ISQIAMNDEKAKNKSLVKIW",1.9,2.1,292.5
284,303,"SQIAMNDEKAKNKSLVKIWC",1.8,2.1,293.5
285,304,"QIAMNDEKAKNKSLVKIWCK",2.8,2.6,294.5
286,305,"IAMNDEKAKNKSLVKIWCKT",2.8,2.4,295.5
287,306,"AMNDEKAKNKSLVKIWCKTF",2.8,2.3,296.5
288,307,"MNDEKAKNKSLVKIWCKTFT",2.8,2.3,297.5
289,308,"NDEKAKNKSLVKIWCKTFTN",2.8,2.8,298.5
290,309,"DEKAKNKSLVKIWCKTFTNK",3.8,3,299.5
291,310,"EKAKNKSLVKIWCKTFTNKT",4.8,2.4,300.5
292,311,"KAKNKSLVKIWCKTFTNKTQ",5.8,2.2,301.5
293,312,"AKNKSLVKIWCKTFTNKTQI",4.8,1.6,302.5
294,313,"KNKSLVKIWCKTFTNKTQIN",4.8,2,303.5
295,314,"NKSLVKIWCKTFTNKTQINV",3.8,1.4,304.5
296,315,"KSLVKIWCKTFTNKTQINVT",3.8,1.1,305.5
297,316,"SLVKIWCKTFTNKTQINVTV",2.8,0.5,306.5
298,317,"LVKIWCKTFTNKTQINVTVP",2.8,0.6,307.5
299,318,"VKIWCKTFTNKTQINVTVPS",2.8,0.7,308.5
300,319,"KIWCKTFTNKTQINVTVPST",2.8,0.7,309.5
301,320,"IWCKTFTNKTQINVTVPSTA",1.8,0.2,310.5
302,321,"WCKTFTNKTQINVTVPSTAN",1.8,0.6,311.5
303,322,"CKTFTNKTQINVTVPSTANC",1.7,0.6,312.5
304,323,"KTFTNKTQINVTVPSTANCT",1.8,0.6,313.5
305,324,"TFTNKTQINVTVPSTANCTS",0.8,0.2,314.5
306,325,"FTNKTQINVTVPSTANCTSP",0.8,0.2,315.5
307,326,"TNKTQINVTVPSTANCTSPS",0.8,0.4,316.5
308,327,"NKTQINVTVPSTANCTSPSL",0.8,0.3,317.5
309,328,"KTQINVTVPSTANCTSPSLC",0.7,0,318.5
310,329,"TQINVTVPSTANCTSPSLCW",-0.3,-0.6,319.5
311,330,"QINVTVPSTANCTSPSLCWT",-0.3,-0.6,320.5
312,331,"INVTVPSTANCTSPSLCWTD",-1.3,-0.3,321.5
313,332,"NVTVPSTANCTSPSLCWTDG",-1.3,-0.2,322.5
314,333,"VTVPSTANCTSPSLCWTDGI",-1.3,-0.6,323.5
315,334,"TVPSTANCTSPSLCWTDGIQ",-1.3,-0.3,324.5
316,335,"VPSTANCTSPSLCWTDGIQN",-1.3,0,325.5
317,336,"PSTANCTSPSLCWTDGIQNW",-1.3,0.1,326.5
318,337,"STANCTSPSLCWTDGIQNWT",-1.3,0,327.5
319,338,"TANCTSPSLCWTDGIQNWTM",-1.3,-0.1,328.5
320,339,"ANCTSPSLCWTDGIQNWTMK",-0.3,0.4,329.5
321,340,"NCTSPSLCWTDGIQNWTMKN",-0.3,0.7,330.5
322,341,"CTSPSLCWTDGIQNWTMKNV",-0.3,0.3,331.5
323,342,"TSPSLCWTDGIQNWTMKNVT",-0.2,0.4,332.5
324,343,"SPSLCWTDGIQNWTMKNVTY",-0.2,0.5,333.5
325,344,"PSLCWTDGIQNWTMKNVTYK",0.8,0.9,334.5
326,345,"SLCWTDGIQNWTMKNVTYKE",-0.2,1.3,335.5
327,346,"LCWTDGIQNWTMKNVTYKEN",-0.2,1.6,336.5
328,347,"CWTDGIQNWTMKNVTYKENI",-0.2,1.6,337.5
329,348,"WTDGIQNWTMKNVTYKENIA",-0.1,1.6,338.5
330,349,"TDGIQNWTMKNVTYKENIAK",0.9,2.1,339.5
331,350,"DGIQNWTMKNVTYKENIAKC",0.8,2.1,340.5
332,351,"GIQNWTMKNVTYKENIAKCQ",1.8,1.8,341.5
333,352,"IQNWTMKNVTYKENIAKCQH",1.9,2,342.5
334,353,"QNWTMKNVTYKENIAKCQHI",1.9,2,343.5
335,354,"NWTMKNVTYKENIAKCQHIF",1.9,1.6,344.5
336,355,"WTMKNVTYKENIAKCQHIFV",1.9,1.3,345.5
337,356,"TMKNVTYKENIAKCQHIFVN",1.9,1.6,346.5
338,357,"MKNVTYKENIAKCQHIFVNF",1.9,1.5,347.5
339,358,"KNVTYKENIAKCQHIFVNFH",2,1.8,348.5
340,359,"NVTYKENIAKCQHIFVNFHL",1,1.2,349.5
341,360,"VTYKENIAKCQHIFVNFHLP",1,1,350.5
342,361,"TYKENIAKCQHIFVNFHLPD",0,1.6,351.5
343,362,"YKENIAKCQHIFVNFHLPDL",0,1.5,352.5
344,363,"KENIAKCQHIFVNFHLPDLA",0,1.4,353.5
345,364,"ENIAKCQHIFVNFHLPDLAV",-1,0.8,354.5
346,365,"NIAKCQHIFVNFHLPDLAVG",0,0.4,355.5
347,366,"IAKCQHIFVNFHLPDLAVGT",0,0.1,356.5
348,367,"AKCQHIFVNFHLPDLAVGTI",0,0.1,357.5
349,368,"KCQHIFVNFHLPDLAVGTIL",0,0,358.5
350,369,"CQHIFVNFHLPDLAVGTILL",-1,-0.6,359.5
351,370,"QHIFVNFHLPDLAVGTILLI",-0.9,-0.6,360.5
352,371,"HIFVNFHLPDLAVGTILLIL",-0.9,-1,361.5
353,372,"IFVNFHLPDLAVGTILLILS",-1,-1.2,362.5
354,373,"FVNFHLPDLAVGTILLILSL",-1,-1.1,363.5
355,374,"VNFHLPDLAVGTILLILSLL",-1,-1.1,364.5
356,375,"NFHLPDLAVGTILLILSLLV",-1,-1.1,365.5
357,376,"FHLPDLAVGTILLILSLLVL",-1,-1.5,366.5
358,377,"HLPDLAVGTILLILSLLVLC",-1.1,-1.4,367.5
359,378,"LPDLAVGTILLILSLLVLCG",-1.2,-1.6,368.5
360,379,"PDLAVGTILLILSLLVLCGC",-1.3,-1.6,369.5
361,380,"DLAVGTILLILSLLVLCGCL",-1.3,-1.7,370.5
362,381,"LAVGTILLILSLLVLCGCLI",-0.3,-2.3,371.5
363,382,"AVGTILLILSLLVLCGCLIM",-0.3,-2.3,372.5
364,383,"VGTILLILSLLVLCGCLIMI",-0.3,-2.4,373.5
365,384,"GTILLILSLLVLCGCLIMIV",-0.3,-2.4,374.5
366,385,"TILLILSLLVLCGCLIMIVK",0.7,-1.9,375.5
367,386,"ILLILSLLVLCGCLIMIVKI",0.7,-2,376.5
368,387,"LLILSLLVLCGCLIMIVKIL",0.7,-2,377.5
369,388,"LILSLLVLCGCLIMIVKILG",0.7,-1.9,378.5
370,389,"ILSLLVLCGCLIMIVKILGS",0.7,-1.8,379.5
371,390,"LSLLVLCGCLIMIVKILGSV",0.7,-1.8,380.5
372,391,"SLLVLCGCLIMIVKILGSVL",0.7,-1.8,381.5
373,392,"LLVLCGCLIMIVKILGSVLK",1.7,-1.3,382.5
374,393,"LVLCGCLIMIVKILGSVLKG",1.7,-1.2,383.5
375,394,"VLCGCLIMIVKILGSVLKGQ",1.7,-0.9,384.5
376,395,"LCGCLIMIVKILGSVLKGQV",1.7,-0.9,385.5
377,396,"CGCLIMIVKILGSVLKGQVA",1.7,-0.8,386.5
378,397,"GCLIMIVKILGSVLKGQVAT",1.8,-0.8,387.5
379,398,"CLIMIVKILGSVLKGQVATV",1.8,-0.9,388.5
380,399,"LIMIVKILGSVLKGQVATVI",1.9,-0.9,389.5
381,400,"IMIVKILGSVLKGQVATVIK",2.9,-0.3,390.5
382,401,"MIVKILGSVLKGQVATVIKK",3.9,0.3,391.5
383,402,"IVKILGSVLKGQVATVIKKT",3.9,0.4,392.5
384,403,"VKILGSVLKGQVATVIKKTI",3.9,0.4,393.5
385,404,"KILGSVLKGQVATVIKKTIN",3.9,0.7,394.5
386,405,"ILGSVLKGQVATVIKKTINT",2.9,0.2,395.5
387,406,"LGSVLKGQVATVIKKTINTD",1.9,0.9,396.5
388,407,"GSVLKGQVATVIKKTINTDF",1.9,0.8,397.5
389,408,"SVLKGQVATVIKKTINTDFP",1.9,0.9,398.5
390,409,"VLKGQVATVIKKTINTDFPF",1.9,0.7,399.5
391,410,"LKGQVATVIKKTINTDFPFP",1.9,0.9,400.5
392,411,"KGQVATVIKKTINTDFPFPF",1.9,0.8,401.5
393,412,"GQVATVIKKTINTDFPFPFA",0.9,0.3,402.5
394,413,"QVATVIKKTINTDFPFPFAW",0.9,0.2,403.5
395,414,"VATVIKKTINTDFPFPFAWL",0.9,-0.1,404.5
396,415,"ATVIKKTINTDFPFPFAWLT",0.9,0,405.5
397,416,"TVIKKTINTDFPFPFAWLTG",0.9,0,406.5
398,417,"VIKKTINTDFPFPFAWLTGY",0.9,0.1,407.5
399,418,"IKKTINTDFPFPFAWLTGYL",0.9,0.1,408.5
400,419,"KKTINTDFPFPFAWLTGYLA",0.9,0.2,409.5
401,420,"KTINTDFPFPFAWLTGYLAI",-0.1,-0.4,410.5
402,421,"TINTDFPFPFAWLTGYLAIL",-1.1,-1,411.5
403,422,"INTDFPFPFAWLTGYLAILV",-1.1,-1.1,412.5
404,423,"NTDFPFPFAWLTGYLAILVG",-1.1,-1,413.5
405,424,"TDFPFPFAWLTGYLAILVGA",-1.1,-1.3,414.5
406,425,"DFPFPFAWLTGYLAILVGAG",-1.1,-1.3,415.5
407,426,"FPFPFAWLTGYLAILVGAGM",-0.1,-1.9,416.5
408,427,"PFPFAWLTGYLAILVGAGMT",-0.1,-1.8,417.5
409,428,"FPFAWLTGYLAILVGAGMTF",-0.1,-2,418.5
410,429,"PFAWLTGYLAILVGAGMTFI",-0.1,-2,419.5
411,430,"FAWLTGYLAILVGAGMTFIV",-0.1,-2.1,420.5
412,431,"AWLTGYLAILVGAGMTFIVQ",-0.1,-1.7,421.5
413,432,"WLTGYLAILVGAGMTFIVQS",-0.1,-1.7,422.5
414,433,"LTGYLAILVGAGMTFIVQSS",-0.1,-1.6,423.5
415,434,"TGYLAILVGAGMTFIVQSSS",-0.1,-1.5,424.5
416,435,"GYLAILVGAGMTFIVQSSSV",-0.1,-1.6,425.5
417,436,"YLAILVGAGMTFIVQSSSVF",-0.1,-1.7,426.5
418,437,"LAILVGAGMTFIVQSSSVFT",-0.1,-1.8,427.5
419,438,"AILVGAGMTFIVQSSSVFTS",-0.1,-1.7,428.5
420,439,"ILVGAGMTFIVQSSSVFTSA",-0.1,-1.7,429.5
421,440,"LVGAGMTFIVQSSSVFTSAL",-0.1,-1.7,430.5
422,441,"VGAGMTFIVQSSSVFTSALT",-0.1,-1.6,431.5
423,442,"GAGMTFIVQSSSVFTSALTP",-0.1,-1.4,432.5
424,443,"AGMTFIVQSSSVFTSALTPL",-0.1,-1.5,433.5
425,444,"GMTFIVQSSSVFTSALTPLI",-0.1,-1.6,434.5
426,445,"MTFIVQSSSVFTSALTPLIG",-0.1,-1.6,435.5
427,446,"TFIVQSSSVFTSALTPLIGI",-0.1,-1.6,436.5
428,447,"FIVQSSSVFTSALTPLIGIG",-0.1,-1.6,437.5
429,448,"IVQSSSVFTSALTPLIGIGV",-0.1,-1.5,438.5
430,449,"VQSSSVFTSALTPLIGIGVI",-0.1,-1.5,439.5
431,450,"QSSSVFTSALTPLIGIGVIT",-0.1,-1.5,440.5
432,451,"SSSVFTSALTPLIGIGVITI",-0.1,-1.8,441.5
433,452,"SSVFTSALTPLIGIGVITIE",-1.1,-1.4,442.5
434,453,"SVFTSALTPLIGIGVITIER",-0.1,-0.7,443.5
435,454,"VFTSALTPLIGIGVITIERA",-0.1,-0.8,444.5
436,455,"FTSALTPLIGIGVITIERAY",-0.1,-0.6,445.5
437,456,"TSALTPLIGIGVITIERAYP",-0.1,-0.4,446.5
438,457,"SALTPLIGIGVITIERAYPL",-0.1,-0.5,447.5
439,458,"ALTPLIGIGVITIERAYPLT",-0.1,-0.5,448.5
440,459,"LTPLIGIGVITIERAYPLTL",-0.1,-0.6,449.5
441,460,"TPLIGIGVITIERAYPLTLG",-0.1,-0.5,450.5
442,461,"PLIGIGVITIERAYPLTLGS",-0.1,-0.5,451.5
443,462,"LIGIGVITIERAYPLTLGSN",-0.1,-0.2,452.5
444,463,"IGIGVITIERAYPLTLGSNI",-0.1,-0.3,453.5
445,464,"GIGVITIERAYPLTLGSNIG",-0.1,-0.2,454.5
446,465,"IGVITIERAYPLTLGSNIGT",-0.1,-0.2,455.5
447,466,"GVITIERAYPLTLGSNIGTT",-0.1,-0.1,456.5
448,467,"VITIERAYPLTLGSNIGTTT",-0.1,-0.1,457.5
449,468,"ITIERAYPLTLGSNIGTTTT",-0.1,0,458.5
450,469,"TIERAYPLTLGSNIGTTTTA",-0.1,0.1,459.5
451,470,"IERAYPLTLGSNIGTTTTAI",-0.1,0,460.5
452,471,"ERAYPLTLGSNIGTTTTAIL",-0.1,0,461.5
453,472,"RAYPLTLGSNIGTTTTAILA",0.9,-0.5,462.5
454,473,"AYPLTLGSNIGTTTTAILAA",-0.1,-1.2,463.5
455,474,"YPLTLGSNIGTTTTAILAAL",-0.1,-1.3,464.5
456,475,"PLTLGSNIGTTTTAILAALA",-0.1,-1.4,465.5
457,476,"LTLGSNIGTTTTAILAALAS",-0.1,-1.4,466.5
458,477,"TLGSNIGTTTTAILAALASP",-0.1,-1.3,467.5
459,478,"LGSNIGTTTTAILAALASPG",-0.1,-1.2,468.5
460,479,"GSNIGTTTTAILAALASPGN",-0.1,-0.9,469.5
461,480,"SNIGTTTTAILAALASPGNA",-0.1,-0.9,470.5
462,481,"NIGTTTTAILAALASPGNAL",-0.1,-1,471.5
463,482,"IGTTTTAILAALASPGNALR",0.9,-0.6,472.5
464,483,"GTTTTAILAALASPGNALRS",0.9,-0.5,473.5
465,484,"TTTTAILAALASPGNALRSS",0.9,-0.5,474.5
466,485,"TTTAILAALASPGNALRSSL",0.9,-0.6,475.5
467,486,"TTAILAALASPGNALRSSLQ",0.9,-0.3,476.5
468,487,"TAILAALASPGNALRSSLQI",0.9,-0.4,477.5
469,488,"AILAALASPGNALRSSLQIA",0.9,-0.4,478.5
470,489,"ILAALASPGNALRSSLQIAL",0.9,-0.5,479.5
471,490,"LAALASPGNALRSSLQIALC",0.8,-0.4,480.5
472,491,"AALASPGNALRSSLQIALCH",0.9,-0.1,481.5
473,492,"ALASPGNALRSSLQIALCHF",0.9,-0.2,482.5
474,493,"LASPGNALRSSLQIALCHFF",0.9,-0.3,483.5
475,494,"ASPGNALRSSLQIALCHFFF",0.9,-0.4,484.5
476,495,"SPGNALRSSLQIALCHFFFN",0.9,-0.1,485.5
477,496,"PGNALRSSLQIALCHFFFNI",0.9,-0.2,486.5
478,497,"GNALRSSLQIALCHFFFNIS",0.9,-0.2,487.5
479,498,"NALRSSLQIALCHFFFNISG",0.9,-0.2,488.5
480,499,"ALRSSLQIALCHFFFNISGI",0.9,-0.6,489.5
481,500,"LRSSLQIALCHFFFNISGIL",0.9,-0.7,490.5
482,501,"RSSLQIALCHFFFNISGILL",0.9,-0.7,491.5
483,502,"SSLQIALCHFFFNISGILLW",-0.1,-1.4,492.5
484,503,"SLQIALCHFFFNISGILLWY",-0.1,-1.3,493.5
485,504,"LQIALCHFFFNISGILLWYP",-0.1,-1.3,494.5
486,505,"QIALCHFFFNISGILLWYPI",-0.1,-1.3,495.5
487,506,"IALCHFFFNISGILLWYPIP",-0.1,-1.5,496.5
488,507,"ALCHFFFNISGILLWYPIPF",-0.1,-1.5,497.5
489,508,"LCHFFFNISGILLWYPIPFT",-0.1,-1.5,498.5
490,509,"CHFFFNISGILLWYPIPFTR",0.9,-0.8,499.5
491,510,"HFFFNISGILLWYPIPFTRL",1,-0.8,500.5
492,511,"FFFNISGILLWYPIPFTRLP",0.9,-0.9,501.5
493,512,"FFNISGILLWYPIPFTRLPI",0.9,-0.9,502.5
494,513,"FNISGILLWYPIPFTRLPIR",1.9,-0.1,503.5
495,514,"NISGILLWYPIPFTRLPIRM",1.9,-0.1,504.5
496,515,"ISGILLWYPIPFTRLPIRMA",1.9,-0.4,505.5
497,516,"SGILLWYPIPFTRLPIRMAK",2.9,0.2,506.5
498,517,"GILLWYPIPFTRLPIRMAKG",2.9,0.2,507.5
499,518,"ILLWYPIPFTRLPIRMAKGL",2.9,0.1,508.5
500,519,"LLWYPIPFTRLPIRMAKGLG",2.9,0.2,509.5
501,520,"LWYPIPFTRLPIRMAKGLGN",2.9,0.6,510.5
502,521,"WYPIPFTRLPIRMAKGLGNI",2.9,0.5,511.5
503,522,"YPIPFTRLPIRMAKGLGNIS",2.9,0.6,512.5
504,523,"PIPFTRLPIRMAKGLGNISA",2.9,0.5,513.5
505,524,"IPFTRLPIRMAKGLGNISAK",3.9,0.9,514.5
506,525,"PFTRLPIRMAKGLGNISAKY",3.9,1.1,515.5
507,526,"FTRLPIRMAKGLGNISAKYR",4.9,1.7,516.5
508,527,"TRLPIRMAKGLGNISAKYRW",4.9,1.8,517.5
509,528,"RLPIRMAKGLGNISAKYRWF",4.9,1.7,518.5
510,529,"LPIRMAKGLGNISAKYRWFA",3.9,1,519.5
511,530,"PIRMAKGLGNISAKYRWFAV",3.9,1,520.5
512,531,"IRMAKGLGNISAKYRWFAVF",3.9,0.8,521.5
513,532,"RMAKGLGNISAKYRWFAVFY",3.9,1,522.5
514,533,"MAKGLGNISAKYRWFAVFYL",2.9,0.2,523.5
515,534,"AKGLGNISAKYRWFAVFYLI",2.9,0.3,524.5
516,535,"KGLGNISAKYRWFAVFYLII",2.9,0.2,525.5
517,536,"GLGNISAKYRWFAVFYLIIF",1.9,-0.4,526.5
518,537,"LGNISAKYRWFAVFYLIIFF",1.9,-0.6,527.5
519,538,"GNISAKYRWFAVFYLIIFFF",1.9,-0.6,528.5
520,539,"NISAKYRWFAVFYLIIFFFL",1.9,-0.7,529.5
521,540,"ISAKYRWFAVFYLIIFFFLI",1.9,-1.1,530.5
522,541,"SAKYRWFAVFYLIIFFFLIP",1.9,-1,531.5
523,542,"AKYRWFAVFYLIIFFFLIPL",1.9,-1.1,532.5
524,543,"KYRWFAVFYLIIFFFLIPLT",1.9,-1,533.5
525,544,"YRWFAVFYLIIFFFLIPLTV",0.9,-1.6,534.5
526,545,"RWFAVFYLIIFFFLIPLTVF",0.9,-1.8,535.5
527,546,"WFAVFYLIIFFFLIPLTVFG",-0.1,-2.5,536.5
528,547,"FAVFYLIIFFFLIPLTVFGL",-0.1,-2.5,537.5
529,548,"AVFYLIIFFFLIPLTVFGLS",-0.1,-2.4,538.5
530,549,"VFYLIIFFFLIPLTVFGLSL",-0.1,-2.4,539.5
531,550,"FYLIIFFFLIPLTVFGLSLA",-0.1,-2.4,540.5
532,551,"YLIIFFFLIPLTVFGLSLAG",-0.1,-2.3,541.5
533,552,"LIIFFFLIPLTVFGLSLAGW",-0.1,-2.4,542.5
534,553,"IIFFFLIPLTVFGLSLAGWR",0.9,-1.6,543.5
535,554,"IFFFLIPLTVFGLSLAGWRV",0.9,-1.6,544.5
536,555,"FFFLIPLTVFGLSLAGWRVL",0.9,-1.6,545.5
537,556,"FFLIPLTVFGLSLAGWRVLV",0.9,-1.5,546.5
538,557,"FLIPLTVFGLSLAGWRVLVG",0.9,-1.4,547.5
539,558,"LIPLTVFGLSLAGWRVLVGV",0.9,-1.4,548.5
540,559,"IPLTVFGLSLAGWRVLVGVG",0.9,-1.3,549.5
541,560,"PLTVFGLSLAGWRVLVGVGV",0.9,-1.2,550.5
542,561,"LTVFGLSLAGWRVLVGVGVP",0.9,-1.2,551.5
543,562,"TVFGLSLAGWRVLVGVGVPV",0.9,-1.2,552.5
544,563,"VFGLSLAGWRVLVGVGVPVV",0.9,-1.3,553.5
545,564,"FGLSLAGWRVLVGVGVPVVF",0.9,-1.4,554.5
546,565,"GLSLAGWRVLVGVGVPVVFI",0.9,-1.3,555.5
547,566,"LSLAGWRVLVGVGVPVVFII",0.9,-1.4,556.5
548,567,"SLAGWRVLVGVGVPVVFIII",0.9,-1.4,557.5
549,568,"LAGWRVLVGVGVPVVFIIIL",0.9,-1.6,558.5
550,569,"AGWRVLVGVGVPVVFIIILV",0.9,-1.5,559.5
551,570,"GWRVLVGVGVPVVFIIILVL",0.9,-1.6,560.5
552,571,"WRVLVGVGVPVVFIIILVLC",0.8,-1.6,561.5
553,572,"RVLVGVGVPVVFIIILVLCL",0.8,-1.7,562.5
554,573,"VLVGVGVPVVFIIILVLCLR",0.8,-1.7,563.5
555,574,"LVGVGVPVVFIIILVLCLRL",0.8,-1.7,564.5
556,575,"VGVGVPVVFIIILVLCLRLL",0.8,-1.7,565.5
557,576,"GVGVPVVFIIILVLCLRLLQ",0.8,-1.4,566.5
558,577,"VGVPVVFIIILVLCLRLLQS",0.8,-1.4,567.5
559,578,"GVPVVFIIILVLCLRLLQSR",1.8,-0.6,568.5
560,579,"VPVVFIIILVLCLRLLQSRC",1.7,-0.7,569.5
561,580,"PVVFIIILVLCLRLLQSRCP",1.7,-0.5,570.5
562,581,"VVFIIILVLCLRLLQSRCPR",2.7,0.1,571.5
563,582,"VFIIILVLCLRLLQSRCPRV",2.7,0.1,572.5
564,583,"FIIILVLCLRLLQSRCPRVL",2.7,0.1,573.5
565,584,"IIILVLCLRLLQSRCPRVLP",2.7,0.3,574.5
566,585,"IILVLCLRLLQSRCPRVLPK",3.7,0.9,575.5
567,586,"ILVLCLRLLQSRCPRVLPKK",4.7,1.5,576.5
568,587,"LVLCLRLLQSRCPRVLPKKL",4.7,1.5,577.5
569,588,"VLCLRLLQSRCPRVLPKKLQ",4.7,1.8,578.5
570,589,"LCLRLLQSRCPRVLPKKLQN",4.7,2.2,579.5
571,590,"CLRLLQSRCPRVLPKKLQNW",4.7,2.2,580.5
572,591,"LRLLQSRCPRVLPKKLQNWN",4.8,2.6,581.5
573,592,"RLLQSRCPRVLPKKLQNWNF",4.8,2.5,582.5
574,593,"LLQSRCPRVLPKKLQNWNFL",3.8,1.8,583.5
575,594,"LQSRCPRVLPKKLQNWNFLP",3.8,1.9,584.5
576,595,"QSRCPRVLPKKLQNWNFLPL",3.8,1.9,585.5
577,596,"SRCPRVLPKKLQNWNFLPLW",3.8,1.6,586.5
578,597,"RCPRVLPKKLQNWNFLPLWM",3.8,1.5,587.5
579,598,"CPRVLPKKLQNWNFLPLWMR",3.8,1.5,588.5
580,599,"PRVLPKKLQNWNFLPLWMRS",3.9,1.6,589.5
581,600,"RVLPKKLQNWNFLPLWMRSL",3.9,1.4,590.5
582,601,"VLPKKLQNWNFLPLWMRSLK",3.9,1.2,591.5
583,602,"LPKKLQNWNFLPLWMRSLKP",3.9,1.4,592.5
584,603,"PKKLQNWNFLPLWMRSLKPW",3.9,1.4,593.5
585,604,"KKLQNWNFLPLWMRSLKPWD",2.9,1.9,594.5
586,605,"KLQNWNFLPLWMRSLKPWDA",1.9,1.4,595.5
587,606,"LQNWNFLPLWMRSLKPWDAV",0.9,0.8,596.5
588,607,"QNWNFLPLWMRSLKPWDAVV",0.9,0.8,597.5
589,608,"NWNFLPLWMRSLKPWDAVVS",0.9,0.6,598.5
590,609,"WNFLPLWMRSLKPWDAVVSK",1.9,0.8,599.5
591,610,"NFLPLWMRSLKPWDAVVSKF",1.9,0.7,600.5
592,611,"FLPLWMRSLKPWDAVVSKFT",1.9,0.4,601.5
593,612,"LPLWMRSLKPWDAVVSKFTG",1.9,0.5,602.5
594,613,"PLWMRSLKPWDAVVSKFTGC",1.8,0.5,603.5
595,614,"LWMRSLKPWDAVVSKFTGCF",1.8,0.3,604.5
596,615,"WMRSLKPWDAVVSKFTGCFQ",1.8,0.7,605.5
597,616,"MRSLKPWDAVVSKFTGCFQM",1.8,0.6,606.5
598,617,"RSLKPWDAVVSKFTGCFQMR",2.8,1.4,607.5
599,618,"SLKPWDAVVSKFTGCFQMRC",1.7,0.7,608.5
600,619,"LKPWDAVVSKFTGCFQMRCC",1.6,0.6,609.5
601,620,"KPWDAVVSKFTGCFQMRCCC",1.6,0.7,610.5
602,621,"PWDAVVSKFTGCFQMRCCCC",0.5,0.1,611.5
603,622,"WDAVVSKFTGCFQMRCCCCC",0.4,0,612.5
604,623,"DAVVSKFTGCFQMRCCCCCR",1.4,0.7,613.5
605,624,"AVVSKFTGCFQMRCCCCCRV",2.4,0.1,614.5
606,625,"VVSKFTGCFQMRCCCCCRVC",2.3,0.1,615.5
607,626,"VSKFTGCFQMRCCCCCRVCC",2.3,0.1,616.5
608,627,"SKFTGCFQMRCCCCCRVCCR",3.3,0.9,617.5
609,628,"KFTGCFQMRCCCCCRVCCRA",3.3,0.8,618.5
610,629,"FTGCFQMRCCCCCRVCCRAC",2.2,0.3,619.5
611,630,"TGCFQMRCCCCCRVCCRACC",2.1,0.4,620.5
612,631,"GCFQMRCCCCCRVCCRACCL",2.1,0.3,621.5
613,632,"CFQMRCCCCCRVCCRACCLL",2.1,0.2,622.5
614,633,"FQMRCCCCCRVCCRACCLLC",2.1,0.2,623.5
615,634,"QMRCCCCCRVCCRACCLLCD",1.1,0.8,624.5
616,635,"MRCCCCCRVCCRACCLLCDC",1.1,0.5,625.5
617,636,"RCCCCCRVCCRACCLLCDCP",1.1,0.7,626.5
618,637,"CCCCCRVCCRACCLLCDCPK",1.1,0.6,627.5
619,638,"CCCCRVCCRACCLLCDCPKC",1.1,0.6,628.5
620,639,"CCCRVCCRACCLLCDCPKCC",1.1,0.6,629.5
621,640,"CCRVCCRACCLLCDCPKCCR",2.1,1.3,630.5
622,641,"CRVCCRACCLLCDCPKCCRC",2.1,1.3,631.5
623,642,"RVCCRACCLLCDCPKCCRCS",2.2,1.3,632.5
624,643,"VCCRACCLLCDCPKCCRCSK",2.2,1.2,633.5
625,644,"CCRACCLLCDCPKCCRCSKC",2.1,1.2,634.5
626,645,"CRACCLLCDCPKCCRCSKCC",2.1,1.2,635.5
627,646,"RACCLLCDCPKCCRCSKCCE",1.2,1.7,636.5
628,647,"ACCLLCDCPKCCRCSKCCED",-0.8,1.5,637.5
629,648,"CCLLCDCPKCCRCSKCCEDL",-0.8,1.5,638.5
630,649,"CLLCDCPKCCRCSKCCEDLE",-1.7,2,639.5
631,650,"LLCDCPKCCRCSKCCEDLEE",-2.7,2.5,640.5
632,651,"LCDCPKCCRCSKCCEDLEEA",-2.7,2.6,641.5
633,652,"CDCPKCCRCSKCCEDLEEAQ",-2.7,2.9,642.5
634,653,"DCPKCCRCSKCCEDLEEAQE",-3.6,3.4,643.5
635,654,"CPKCCRCSKCCEDLEEAQEG",-2.6,2.9,644.5
636,655,"PKCCRCSKCCEDLEEAQEGQ",-2.5,3.2,645.5
637,656,"KCCRCSKCCEDLEEAQEGQD",-3.5,3.7,646.5
638,657,"CCRCSKCCEDLEEAQEGQDV",-4.5,3.1,647.5
639,658,"CRCSKCCEDLEEAQEGQDVP",-4.4,3.2,648.5
640,659,"RCSKCCEDLEEAQEGQDVPV",-4.4,3.2,649.5
641,660,"CSKCCEDLEEAQEGQDVPVK",-4.4,3,650.5
642,661,"SKCCEDLEEAQEGQDVPVKA",-4.3,3,651.5
643,662,"KCCEDLEEAQEGQDVPVKAP",-4.3,3.1,652.5
644,663,"CCEDLEEAQEGQDVPVKAPE",-6.3,3,653.5
645,664,"CEDLEEAQEGQDVPVKAPET",-6.2,3.1,654.5
646,665,"EDLEEAQEGQDVPVKAPETF",-6.1,3,655.5
647,666,"DLEEAQEGQDVPVKAPETFD",-6.1,3,656.5
648,667,"LEEAQEGQDVPVKAPETFDN",-5.1,2.8,657.5
649,668,"EEAQEGQDVPVKAPETFDNI",-5.1,2.8,658.5
650,669,"EAQEGQDVPVKAPETFDNIT",-4.1,2.3,659.5
651,670,"AQEGQDVPVKAPETFDNITI",-3.1,1.8,660.5
652,671,"QEGQDVPVKAPETFDNITIS",-3.1,1.8,661.5
653,672,"EGQDVPVKAPETFDNITISR",-2.1,2.2,662.5
654,673,"GQDVPVKAPETFDNITISRE",-2.1,2.2,663.5
655,674,"QDVPVKAPETFDNITISREA",-2.1,2.2,664.5
656,675,"DVPVKAPETFDNITISREAQ",-2.1,2.2,665.5
657,676,"VPVKAPETFDNITISREAQG",-1.1,1.7,666.5
658,677,"PVKAPETFDNITISREAQGE",-2.1,2.2,667.5
659,678,"VKAPETFDNITISREAQGEV",-2.1,2.1,668.5
660,679,"KAPETFDNITISREAQGEVP",-2.1,2.2,669.5
661,680,"APETFDNITISREAQGEVPA",-3.1,1.7,670.5
662,681,"PETFDNITISREAQGEVPAS",-3.1,1.8,671.5
663,682,"ETFDNITISREAQGEVPASD",-4.1,2.2,672.5
664,683,"TFDNITISREAQGEVPASDS",-3.1,1.8,673.5
665,684,"FDNITISREAQGEVPASDSK",-2.1,2.3,674.5
666,685,"DNITISREAQGEVPASDSKT",-2.1,2.4,675.5
667,686,"NITISREAQGEVPASDSKTE",-2.1,2.3,676.5
668,687,"ITISREAQGEVPASDSKTEC",-2.2,2,677.5
669,688,"TISREAQGEVPASDSKTECT",-2.2,2.1,678.5
670,689,"ISREAQGEVPASDSKTECTA",-2.2,2.1,679.5
671,690,"SREAQGEVPASDSKTECTAL",-2.2,2.1,680.5
